{"cameraMode":{"drawMode":0,"name":"Shaded","section":"Shading Mode"},"sceneLighting":true,"audioPlay":false,"sceneViewState":{"showFog":true,"showMaterialUpdate":false,"showSkybox":true,"showFlares":true,"showImageEffects":true,"showParticleSystems":true},"in2DMode":false,"pivot":{"x":1088.1395263671875,"y":686.02783203125,"z":34.7210693359375},"rotation":{"x":0.008689644746482373,"y":0.01259614434093237,"z":0.00010946531256195158,"w":-0.9998834729194641},"size":537.0860595703125,"orthographic":false}