{"cameraMode":{"drawMode":0,"name":"Shaded","section":"Shading Mode"},"sceneLighting":true,"audioPlay":false,"sceneViewState":{"showFog":true,"showMaterialUpdate":false,"showSkybox":true,"showFlares":true,"showImageEffects":true,"showParticleSystems":true},"in2DMode":false,"pivot":{"x":1088.1395263671875,"y":686.02783203125,"z":34.7210693359375},"rotation":{"x":0.001190426293760538,"y":0.0020969994366168977,"z":0.000002483647449480486,"w":-0.9999969601631165},"size":654.9829711914063,"orthographic":false}